Booth  number,General / Adult Booth,Booth name,Booth leader,Booth member 1,Booth member 2,Deposit status,additional personnel,Submission of Bootcut
A01,General  Booth,BAURWOLF,Luf,,,O,X,O
A02,General  Booth,SEAWEED VILLAGE,DAI-XT.,,,O,X,O
A03,General  Booth,GYM LIGER,Raigo,藤堂雷悟,,O,X,O
A04,General  Booth,OUMAGA WALD,"Wald",逢魔牙ワルト,,O,X,O
A05,General  Booth,TRAD MONMON 虎渡悶々,Trad Monmon,虎渡悶々(Trad Monmon),,O,X,O
A06,General  Booth,Kigurumi Kagetsu,Keishi(KC),Geppei(GP),mikatagura,O,O,O
A07,General  Booth,wolf's works,ware /@wolfroof,Sekki-Kyowe/ @sekkinkyowe,,O,X,O
A08,General  Booth,TRIVELER,Nagabe,,,O,X,O
A09,General  Booth,GINTAN STUDIO,Gintan,,,O,X,O
A10,General  Booth,푸딩파르페,@syukapong,막스 @M_A_K_X_,하호 @KKULLOOK,O,X,O
A11,General  Booth,콩자반 김자반,Kimroco/@_Kimroco,퍼지,,O,X,O
A12,General  Booth,콩자반 김자반,콩조림/kongzorim,찰리,,O,X,O
A13,General  Booth,코치문고,코치 / @_K0CH1,테이릿,림,O,O,O
A14,General  Booth,초건전회지연구회 ,하치 / @Hachi_duchi ,쏘당(@ss0dan6),,O,X,
A15,General  Booth,PPP2, ITTO (@nanimonaitto),공간 (@kkugaoo),,O,X,
A16,General  Booth,브 BEUU / FURPPET,브 BEUU / @Beuu0920,헤피 Hephi,없음,O,X,O
A17,General  Booth,시디과 늑대교수님,SBST / @SIRBST,서베스천,,O,X,O
A18,General  Booth,BAD PAW Co.,@badpawco,해견,Largo,O,X,O
A19,General  Booth,메이커 연합부스 - 아르모아,뻐꾹 / @pu_couck_,김루미,블루레이,O,O,O
A20,General  Booth,내가 쓰려고 만든 굿즈,PHINY / @Yell0whale,BLAEDIC,,O,X,O
A21,General  Booth,Kemostar,Frosty / @Seres_frosty,Habol / @Habol_,,O,X,O
A22,General  Booth,모노마사 나이스 트라이,백야 / @White_Night06,Solidus (@liq_soli),,O,X,O
A23,General  Booth,엘븐스토어 1,엘븐/@elvendays,엘븐,카카오,O,X,O
A24,General  Booth,어몽어스샌즈파피루스,파닉/@Panic_exc,잔디,별귤,O,O,O
A25,General  Booth,숲속의 범,쑥갓 / @nrimbotree,soL,,O,X,O
A26,General  Booth,히잉 형아 꼬리 상점,런크 / @Runk102030,파라엘 / @perel_fur, 콜리 ( @ Colibri_1825 ),O,O,O
A27,General  Booth,전속 메이드 세바스찬의 비밀 주문!,영원양 /@young_wonyang,영원양,루덴,O,X,O
A28,General  Booth,OCHALOBSTER,おちゃづけ(OCHAZUKE)/@OCHALOBSTER,おちゃづけ(OCHAZUKE),えびまよ(EBIMAYO),O,X,O
A29,General  Booth,해적판 아니고 정발입니다,Minong / @minongminong,썽으리 / @TLJPSi,,O,X,O
A30,General  Booth,FURST SNOW,JIN / @noway_JIN,Flash / @DXFFlash,Eerie / @Neoul_the_sea,O,O,O
A31,General  Booth,치폰의 레모네이드 가게,치폰/@chiffonpaw,치폰,,O,X,O
A32,General  Booth,고소한 빵냄새가 솔솔,빵용/@breadragon,,,O,X,O
A33,General  Booth,도마뱀의 보물함,드란 / @didran9802,애오우,,O,X,O
A34,General  Booth,포도당,한라봉 @hanlabong03,두부,제제,O,O,O
A35,General  Booth,빙다리 햍바지,해태/@Ringo@2ALS,,,O,X,O
A36,General  Booth,또롱별,이데아/ 이데아/ @ideatami,이데아 / 이데아,스란 / 스란,O,X,O
A37,General  Booth,Whitefangwolves,@Whitefangwolves,,,O,O,O
A38,General  Booth,Whitefangwolves,@Whitefangwolves,,,O,O,O
A39,General  Booth,Furriverse,드펜 @Furriverse,폴라,쿠코상,O,O,O
A40,General  Booth,FUR PLUS,Dodari/ @FurPlus_Studio,타쟈도르(떡장갑),,O,X,O
A41,General  Booth,MOFUMOFUYA,mofuaki,おおくも,薄田,O,X,O
B01, Adult Booth,CheetahPaws,CheetahPaws,,,O,X,O
B02, Adult Booth,Agi's Garage,agitype01,Kutto@Kuttoyaki,,O,X,O
B03, Adult Booth,Omyurice,Omyurice,,,O,X,O
B04, Adult Booth,뀨,Qp /@qyesp, QOOZ /@Qooz90 ,,O,X,O
B05, Adult Booth,탑 부쉬 접근금지령,@mindal3118,김민달,,O,X,O
B06, Adult Booth,Black's Den,Malcha soda,,,O,X,O
B07, Adult Booth,호다다다닷!,Horung/@horung0226,DAT/@Dat_Del_luna,JUN/@jj9904,O,O,O
B08, Adult Booth,호랑말콤멍멍퍼디,말콤 / @Malcom508,퍼디 / @Fuddyblog,제트 (@dj28sj) ,O,O,O
B09, Adult Booth,청록용,현록 / @Tighnari_55,용박이,청교,O,O,O
B10, Adult Booth,ニコサンド,NICO/@Nico26b,sobatya,늠늠,O,O,O
B11, Adult Booth,CandleLight,Suigi / @26_suigi,Suigi,,O,X,O
B12, Adult Booth,Horns&Tails,TITANIA / @Warningblackdog,BUTA,커피새,O,O,O
B13, Adult Booth,RIKOSE,リコセ/@rikose,kishibe,kame,O,X,O
B14, Adult Booth,버츄얼 렌탈 남편,무드리@Neilos0526,쿠루테,,O,X,O
B15, Adult Booth,아쿠파라,아차쿠라/@ACHAKOORA,うろ/@uro0000,,O,X,O
B16, Adult Booth,NANKAARU,CGu/@CGu0906,CGu,,O,X,O
B17, Adult Booth,STUDIO雄虎凛,凛＠STUDIO雄虎凛/@GTDignified,凛＠STUDIO雄虎凛,號ゆうごう,O,X,O
B18, Adult Booth,天神大砂丘,Neumokun,くっく,,O,X,O
B19, Adult Booth,OSURULE,IG,Beep,,O,X,O
B20, Adult Booth,HARD DROP,まだーと @madar_to,,,O,X,O
B21, Adult Booth,Taishokukan Noirowze,TostosFski,TostosFski,,O,X,O
B22, Adult Booth,BoxBear,Gomtang,,,O,X,O
B23, Adult Booth,Ash-Land,@AshenDawger,@shoutlesstranse,,O,X,O
B24, Adult Booth,WILD STYLE,Takemoto,LamIan ,,O,X,O
B25, Adult Booth,도슭 한상전,찰떡 @RiceCakeKain,프라,,O,O,O
B26, Adult Booth,Fur-펙트 게임,개잉여/ @ J_ip721,검댕,,O,X,O
B27, Adult Booth,풀하우스,@MIKKYxx01,LEO,,O,X,O
B28, Adult Booth,멍달멍달,BUTO /@BUTOBU,유진 /@wnsgh2466,쵸이,O,O,O
B29, Adult Booth,두더지빵집,Warr! / @youdil1004,Warr,모닝빵,O,X,O
B30, Adult Booth,마운자로 결사반대 위원회,@타패/tappe124,타패,Pazzy/파찌,O,X,O
B31, Adult Booth,퍼리다이소 ~카지노점~ ,PM/@pmaker_owo,로로디,테드,O,X,O
B32, Adult Booth,퍼리다이소 ~카지노점~ ,쏘셰/@pangpayaaaak,부들,고리,O,O,O
B33, Adult Booth,"염소야, 그만 야해!",날랜돌이/@COOKEDMOCHI,도로롱/@__Dororong__,,O,X,O
B34, Adult Booth,엘븐스토어2,Bernado / @Bernado_Alte_A,베르나도,엘븐,O,X,O
C01, Adult Booth,노란딱지,sum / @ssums12,sum,HANUVO,O,X,O
C02, Adult Booth,"어서오세요, 두바이 쫀득 김메이에!",듀크/@Wolf__Duke,듀크,듀크,O,X,O
C03, Adult Booth,Furscord : 카지노 털쟁이,페러_소치 / @vpfj423423,냉이,,O,X,O
C04, Adult Booth,슈퍼래빗프로덕션,@spirit_kimm,HolySpirit,베오,O,X,O
C05, Adult Booth,Ezhno / エズノ,Ezhno,,,O,,O
C06, Adult Booth,스튜디오 엘레지,@bighornsheeppic,큰뿔양,도우미,O,X,O
C07, Adult Booth,"GGG: GO GET 'EM, GOAT!",냥글 / @nekogaki0324,냥글,자구,O,X,O
C08, Adult Booth,High-Fur,메타볼 / @Meta_NONE,마뉴,스탠,O,O,O
C09, Adult Booth,퍼리중독신고는7811 ,올뺨/@orpiamman,HUKA/@HUKA8989,노출불안 고씨/@goshee248,O,O,O
C10, Adult Booth,지금이 절호의 찬스잖아,마갱즈(Magangz)/@makidogang,카뮤엘(Kamyuel),컴버스트(combust),O,O,O
C11, Adult Booth,퍼리의연인,Chung,Chung,Rang,O,X,O
C12, Adult Booth,누도브즈,누도기 / @noodogi,d0ve / @d0ve_XD,여우반찬(@fox_banchan),O,O,O
C13, Adult Booth,간장계란밥,@art_uza,UZA,,O,X,O
C14, Adult Booth,파놉티콘,호끼퐁,노루,,O,X,O
C15, Adult Booth,HONEYCOMB,wasp / @anthyutena,TTN / @239_239,,O,X,O
C16, Adult Booth,D!TALE,뎡 (Dyeong) / @DYEONG_2,추후 추가하겠습니다.,,O,X,O
C17, Adult Booth,데니가 필요해!!,Jerry / @Jerry_5779,,,O,X,O
C18, Adult Booth,자폭버튼,만두 / @mdfurr,COBALT,,O,X,O
C19, Adult Booth,작전명: 에이전트 버니,Doro-nyong / @doro_nyong_art,이노무 / @inomu_shiki,오백비 / @FurNemB,O,O,O
C20, Adult Booth,작전명: 에이전트 버니,흑당버블곰/@Kokutou_bear,초코곰탱이,파곰,O,O,O
C21, Adult Booth,데빌카드 쇼다운!,멜쿠(MelKu)/@MELONCOOKIE_24,푸우 @fu_o4884,첫도 @cheotdo,O,O,O
C22, Adult Booth,늑랑 狼,미랑/@milang_313,미랑,머바,O,X,O
C23, Adult Booth,tag : tiger boy,아도케타 / @ADKT0448,하벨 / @havelXP,,O,X,O
C24, Adult Booth,보즈야 연구소,너울바다 / @ED_in_FF14,온별,,O,O,O
C25, Adult Booth,"거기,게임 좋아하세요?",@PagYaing4167,Doyayam,,O,X,O
C26, Adult Booth,뭐든 해봤습니다 털공장,언제쯤/@bigwhite_cat,장장대대훈훈/@jangdaehun31310,,O,X,O
C27, Adult Booth,Mr. furshowtime,100심볼/@100symbol,100심볼,아기염소,O,X,O
C28, Adult Booth,S.O.C,벅벅 / @furrybuckbuck,NB,오뎅국,O,O,O
